==25391== NVPROF is profiling process 25391, command: ./gpu_exec 7 7 6 0.1224 -g 0 32
==25391== Some kernel(s) will be replayed on device 0 in order to collect all events/metrics.
==25391== Profiling application: ./gpu_exec 7 7 6 0.1224 -g 0 32
==25391== Profiling result:
==25391== Metric result:
"Device","Kernel","Invocations","Metric Name","Metric Description","Min","Max","Avg"
"NVIDIA GeForce MX130 (0)","montecarlo_simulation_cuda_redux(simulation_state, configuration_description, float*, float*)",1,"achieved_occupancy","Achieved Occupancy",0.495075,0.495075,0.495075
"NVIDIA GeForce MX130 (0)","montecarlo_simulation_cuda_redux(simulation_state, configuration_description, float*, float*)",1,"ipc","Executed IPC",0.276180,0.276180,0.276180
"NVIDIA GeForce MX130 (0)","montecarlo_simulation_cuda_redux(simulation_state, configuration_description, float*, float*)",1,"issued_ipc","Issued IPC",0.276180,0.276180,0.276180
"NVIDIA GeForce MX130 (0)","montecarlo_simulation_cuda_redux(simulation_state, configuration_description, float*, float*)",1,"inst_per_warp","Instructions per warp",1222405.830080,1222405.830080,1222405.830080
"NVIDIA GeForce MX130 (0)","montecarlo_simulation_cuda_redux(simulation_state, configuration_description, float*, float*)",1,"branch_efficiency","Branch Efficiency",99.999928%,99.999928%,99.999928%
"NVIDIA GeForce MX130 (0)","montecarlo_simulation_cuda_redux(simulation_state, configuration_description, float*, float*)",1,"warp_execution_efficiency","Warp Execution Efficiency",99.999221%,99.999221%,99.999221%
"NVIDIA GeForce MX130 (0)","montecarlo_simulation_cuda_redux(simulation_state, configuration_description, float*, float*)",1,"warp_nonpred_execution_efficiency","Warp Non-Predicated Execution Efficiency",94.294585%,94.294585%,94.294585%
"NVIDIA GeForce MX130 (0)","montecarlo_simulation_cuda_redux(simulation_state, configuration_description, float*, float*)",1,"inst_replay_overhead","Instruction Replay Overhead",0.000000,0.000000,0.000000
"NVIDIA GeForce MX130 (0)","montecarlo_simulation_cuda_redux(simulation_state, configuration_description, float*, float*)",1,"issue_slot_utilization","Issue Slot Utilization",6.584856%,6.584856%,6.584856%
"NVIDIA GeForce MX130 (0)","montecarlo_simulation_cuda_redux(simulation_state, configuration_description, float*, float*)",1,"shared_load_transactions_per_request","Shared Memory Load Transactions Per Request",1.000000,1.000000,1.000000
"NVIDIA GeForce MX130 (0)","montecarlo_simulation_cuda_redux(simulation_state, configuration_description, float*, float*)",1,"shared_store_transactions_per_request","Shared Memory Store Transactions Per Request",1.000000,1.000000,1.000000
"NVIDIA GeForce MX130 (0)","montecarlo_simulation_cuda_redux(simulation_state, configuration_description, float*, float*)",1,"local_load_transactions_per_request","Local Memory Load Transactions Per Request",0.000000,0.000000,0.000000
"NVIDIA GeForce MX130 (0)","montecarlo_simulation_cuda_redux(simulation_state, configuration_description, float*, float*)",1,"local_store_transactions_per_request","Local Memory Store Transactions Per Request",0.000000,0.000000,0.000000
"NVIDIA GeForce MX130 (0)","montecarlo_simulation_cuda_redux(simulation_state, configuration_description, float*, float*)",1,"gld_transactions_per_request","Global Load Transactions Per Request",30.438336,30.438336,30.438336
"NVIDIA GeForce MX130 (0)","montecarlo_simulation_cuda_redux(simulation_state, configuration_description, float*, float*)",1,"gst_transactions_per_request","Global Store Transactions Per Request",31.923906,31.923906,31.923906
"NVIDIA GeForce MX130 (0)","montecarlo_simulation_cuda_redux(simulation_state, configuration_description, float*, float*)",1,"shared_store_transactions","Shared Store Transactions",156250,156250,156250
"NVIDIA GeForce MX130 (0)","montecarlo_simulation_cuda_redux(simulation_state, configuration_description, float*, float*)",1,"shared_load_transactions","Shared Load Transactions",34375,34375,34375
"NVIDIA GeForce MX130 (0)","montecarlo_simulation_cuda_redux(simulation_state, configuration_description, float*, float*)",1,"local_load_transactions","Local Load Transactions",0,0,0
"NVIDIA GeForce MX130 (0)","montecarlo_simulation_cuda_redux(simulation_state, configuration_description, float*, float*)",1,"local_store_transactions","Local Store Transactions",0,0,0
"NVIDIA GeForce MX130 (0)","montecarlo_simulation_cuda_redux(simulation_state, configuration_description, float*, float*)",1,"gld_transactions","Global Load Transactions",1519443673,1519443673,1519443673
"NVIDIA GeForce MX130 (0)","montecarlo_simulation_cuda_redux(simulation_state, configuration_description, float*, float*)",1,"gst_transactions","Global Store Transactions",751508698,751508698,751508698
"NVIDIA GeForce MX130 (0)","montecarlo_simulation_cuda_redux(simulation_state, configuration_description, float*, float*)",1,"sysmem_read_transactions","System Memory Read Transactions",0,0,0
"NVIDIA GeForce MX130 (0)","montecarlo_simulation_cuda_redux(simulation_state, configuration_description, float*, float*)",1,"sysmem_write_transactions","System Memory Write Transactions",4,4,4
"NVIDIA GeForce MX130 (0)","montecarlo_simulation_cuda_redux(simulation_state, configuration_description, float*, float*)",1,"l2_read_transactions","L2 Read Transactions",1518652322,1518652322,1518652322
"NVIDIA GeForce MX130 (0)","montecarlo_simulation_cuda_redux(simulation_state, configuration_description, float*, float*)",1,"l2_write_transactions","L2 Write Transactions",751508704,751508704,751508704
"NVIDIA GeForce MX130 (0)","montecarlo_simulation_cuda_redux(simulation_state, configuration_description, float*, float*)",1,"dram_read_transactions","Device Memory Read Transactions",683082554,683082554,683082554
"NVIDIA GeForce MX130 (0)","montecarlo_simulation_cuda_redux(simulation_state, configuration_description, float*, float*)",1,"dram_write_transactions","Device Memory Write Transactions",330563177,330563177,330563177
"NVIDIA GeForce MX130 (0)","montecarlo_simulation_cuda_redux(simulation_state, configuration_description, float*, float*)",1,"global_hit_rate","Global Hit Rate in unified l1/tex",0.000000%,0.000000%,0.000000%
"NVIDIA GeForce MX130 (0)","montecarlo_simulation_cuda_redux(simulation_state, configuration_description, float*, float*)",1,"local_hit_rate","Local Hit Rate",0.000000%,0.000000%,0.000000%
"NVIDIA GeForce MX130 (0)","montecarlo_simulation_cuda_redux(simulation_state, configuration_description, float*, float*)",1,"gld_requested_throughput","Requested Global Load Throughput",1.439456GB/s,1.439456GB/s,1.439456GB/s
"NVIDIA GeForce MX130 (0)","montecarlo_simulation_cuda_redux(simulation_state, configuration_description, float*, float*)",1,"gst_requested_throughput","Requested Global Store Throughput",1.045993GB/s,1.045993GB/s,1.045993GB/s
"NVIDIA GeForce MX130 (0)","montecarlo_simulation_cuda_redux(simulation_state, configuration_description, float*, float*)",1,"gld_throughput","Global Load Throughput",11.386001GB/s,11.386001GB/s,11.386001GB/s
"NVIDIA GeForce MX130 (0)","montecarlo_simulation_cuda_redux(simulation_state, configuration_description, float*, float*)",1,"gst_throughput","Global Store Throughput",5.634392GB/s,5.634392GB/s,5.634392GB/s
"NVIDIA GeForce MX130 (0)","montecarlo_simulation_cuda_redux(simulation_state, configuration_description, float*, float*)",1,"local_memory_overhead","Local Memory Overhead",0.000000%,0.000000%,0.000000%
"NVIDIA GeForce MX130 (0)","montecarlo_simulation_cuda_redux(simulation_state, configuration_description, float*, float*)",1,"tex_cache_hit_rate","Unified Cache Hit Rate",0.035284%,0.035284%,0.035284%
"NVIDIA GeForce MX130 (0)","montecarlo_simulation_cuda_redux(simulation_state, configuration_description, float*, float*)",1,"l2_tex_read_hit_rate","L2 Hit Rate (Texture Reads)",55.054953%,55.054953%,55.054953%
"NVIDIA GeForce MX130 (0)","montecarlo_simulation_cuda_redux(simulation_state, configuration_description, float*, float*)",1,"l2_tex_write_hit_rate","L2 Hit Rate (Texture Writes)",77.912480%,77.912480%,77.912480%
"NVIDIA GeForce MX130 (0)","montecarlo_simulation_cuda_redux(simulation_state, configuration_description, float*, float*)",1,"dram_read_throughput","Device Memory Read Throughput",5.121371GB/s,5.121371GB/s,5.121371GB/s
"NVIDIA GeForce MX130 (0)","montecarlo_simulation_cuda_redux(simulation_state, configuration_description, float*, float*)",1,"dram_write_throughput","Device Memory Write Throughput",2.478378GB/s,2.478378GB/s,2.478378GB/s
"NVIDIA GeForce MX130 (0)","montecarlo_simulation_cuda_redux(simulation_state, configuration_description, float*, float*)",1,"tex_cache_throughput","Unified Cache Throughput",1.494377GB/s,1.494377GB/s,1.494377GB/s
"NVIDIA GeForce MX130 (0)","montecarlo_simulation_cuda_redux(simulation_state, configuration_description, float*, float*)",1,"l2_tex_read_throughput","L2 Throughput (Texture Reads)",11.386001GB/s,11.386001GB/s,11.386001GB/s
"NVIDIA GeForce MX130 (0)","montecarlo_simulation_cuda_redux(simulation_state, configuration_description, float*, float*)",1,"l2_tex_write_throughput","L2 Throughput (Texture Writes)",5.634392GB/s,5.634392GB/s,5.634392GB/s
"NVIDIA GeForce MX130 (0)","montecarlo_simulation_cuda_redux(simulation_state, configuration_description, float*, float*)",1,"l2_read_throughput","L2 Throughput (Reads)",11.386005GB/s,11.386005GB/s,11.386005GB/s
"NVIDIA GeForce MX130 (0)","montecarlo_simulation_cuda_redux(simulation_state, configuration_description, float*, float*)",1,"l2_write_throughput","L2 Throughput (Writes)",5.634392GB/s,5.634392GB/s,5.634392GB/s
"NVIDIA GeForce MX130 (0)","montecarlo_simulation_cuda_redux(simulation_state, configuration_description, float*, float*)",1,"sysmem_read_throughput","System Memory Read Throughput",0.000000B/s,0.000000B/s,0.000000B/s
"NVIDIA GeForce MX130 (0)","montecarlo_simulation_cuda_redux(simulation_state, configuration_description, float*, float*)",1,"sysmem_write_throughput","System Memory Write Throughput",32.000000B/s,32.000000B/s,31.000000B/s
"NVIDIA GeForce MX130 (0)","montecarlo_simulation_cuda_redux(simulation_state, configuration_description, float*, float*)",1,"local_load_throughput","Local Memory Load Throughput",0.000000B/s,0.000000B/s,0.000000B/s
"NVIDIA GeForce MX130 (0)","montecarlo_simulation_cuda_redux(simulation_state, configuration_description, float*, float*)",1,"local_store_throughput","Local Memory Store Throughput",0.000000B/s,0.000000B/s,0.000000B/s
"NVIDIA GeForce MX130 (0)","montecarlo_simulation_cuda_redux(simulation_state, configuration_description, float*, float*)",1,"shared_load_throughput","Shared Memory Load Throughput",1.055639MB/s,1.055639MB/s,1.055638MB/s
"NVIDIA GeForce MX130 (0)","montecarlo_simulation_cuda_redux(simulation_state, configuration_description, float*, float*)",1,"shared_store_throughput","Shared Memory Store Throughput",4.798362MB/s,4.798362MB/s,4.798361MB/s
"NVIDIA GeForce MX130 (0)","montecarlo_simulation_cuda_redux(simulation_state, configuration_description, float*, float*)",1,"gld_efficiency","Global Memory Load Efficiency",12.642328%,12.642328%,12.642328%
"NVIDIA GeForce MX130 (0)","montecarlo_simulation_cuda_redux(simulation_state, configuration_description, float*, float*)",1,"gst_efficiency","Global Memory Store Efficiency",18.564427%,18.564427%,18.564427%
"NVIDIA GeForce MX130 (0)","montecarlo_simulation_cuda_redux(simulation_state, configuration_description, float*, float*)",1,"tex_cache_transactions","Unified Cache Transactions",199318274,199318274,199318274
"NVIDIA GeForce MX130 (0)","montecarlo_simulation_cuda_redux(simulation_state, configuration_description, float*, float*)",1,"cf_fu_utilization","Control-Flow Function Unit Utilization","Low (1)","Low (1)","Low (1)"
"NVIDIA GeForce MX130 (0)","montecarlo_simulation_cuda_redux(simulation_state, configuration_description, float*, float*)",1,"tex_fu_utilization","Texture Function Unit Utilization","Low (1)","Low (1)","Low (1)"
"NVIDIA GeForce MX130 (0)","montecarlo_simulation_cuda_redux(simulation_state, configuration_description, float*, float*)",1,"ldst_fu_utilization","Load/Store Function Unit Utilization","Low (1)","Low (1)","Low (1)"
"NVIDIA GeForce MX130 (0)","montecarlo_simulation_cuda_redux(simulation_state, configuration_description, float*, float*)",1,"double_precision_fu_utilization","Double-Precision Function Unit Utilization","Max (10)","Max (10)","Max (10)"
"NVIDIA GeForce MX130 (0)","montecarlo_simulation_cuda_redux(simulation_state, configuration_description, float*, float*)",1,"special_fu_utilization","Special Function Unit Utilization","Low (1)","Low (1)","Low (1)"
"NVIDIA GeForce MX130 (0)","montecarlo_simulation_cuda_redux(simulation_state, configuration_description, float*, float*)",1,"single_precision_fu_utilization","Single-Precision Function Unit Utilization","Low (1)","Low (1)","Low (1)"
"NVIDIA GeForce MX130 (0)","montecarlo_simulation_cuda_redux(simulation_state, configuration_description, float*, float*)",1,"flop_count_dp","Floating Point Operations(Double Precision)",84150100881,84150100881,84150100881
"NVIDIA GeForce MX130 (0)","montecarlo_simulation_cuda_redux(simulation_state, configuration_description, float*, float*)",1,"flop_count_dp_add","Floating Point Operations(Double Precision Add)",17777700049,17777700049,17777700049
"NVIDIA GeForce MX130 (0)","montecarlo_simulation_cuda_redux(simulation_state, configuration_description, float*, float*)",1,"flop_count_dp_fma","Floating Point Operations(Double Precision FMA)",30432100245,30432100245,30432100245
"NVIDIA GeForce MX130 (0)","montecarlo_simulation_cuda_redux(simulation_state, configuration_description, float*, float*)",1,"flop_count_dp_mul","Floating Point Operations(Double Precision Mul)",5508200342,5508200342,5508200342
"NVIDIA GeForce MX130 (0)","montecarlo_simulation_cuda_redux(simulation_state, configuration_description, float*, float*)",1,"flop_count_sp","Floating Point Operations(Single Precision)",8794983785,8794983785,8794983785
"NVIDIA GeForce MX130 (0)","montecarlo_simulation_cuda_redux(simulation_state, configuration_description, float*, float*)",1,"flop_count_sp_add","Floating Point Operations(Single Precision Add)",603896875,603896875,603896875
"NVIDIA GeForce MX130 (0)","montecarlo_simulation_cuda_redux(simulation_state, configuration_description, float*, float*)",1,"flop_count_sp_fma","Floating Point Operations(Single Precision FMA)",3914343455,3914343455,3914343455
"NVIDIA GeForce MX130 (0)","montecarlo_simulation_cuda_redux(simulation_state, configuration_description, float*, float*)",1,"flop_count_sp_mul","Floating Point Operation(Single Precision Mul)",362400000,362400000,362400000
"NVIDIA GeForce MX130 (0)","montecarlo_simulation_cuda_redux(simulation_state, configuration_description, float*, float*)",1,"flop_count_sp_special","Floating Point Operations(Single Precision Special)",1224500049,1224500049,1224500049
"NVIDIA GeForce MX130 (0)","montecarlo_simulation_cuda_redux(simulation_state, configuration_description, float*, float*)",1,"inst_executed","Instructions Executed",3820018219,3820018219,3820018219
"NVIDIA GeForce MX130 (0)","montecarlo_simulation_cuda_redux(simulation_state, configuration_description, float*, float*)",1,"inst_issued","Instructions Issued",3820018675,3820018675,3820018675
"NVIDIA GeForce MX130 (0)","montecarlo_simulation_cuda_redux(simulation_state, configuration_description, float*, float*)",1,"dram_utilization","Device Memory Utilization","Low (3)","Low (3)","Low (3)"
"NVIDIA GeForce MX130 (0)","montecarlo_simulation_cuda_redux(simulation_state, configuration_description, float*, float*)",1,"sysmem_utilization","System Memory Utilization","Low (1)","Low (1)","Low (1)"
"NVIDIA GeForce MX130 (0)","montecarlo_simulation_cuda_redux(simulation_state, configuration_description, float*, float*)",1,"stall_inst_fetch","Issue Stall Reasons (Instructions Fetch)",1.016696%,1.016696%,1.016696%
"NVIDIA GeForce MX130 (0)","montecarlo_simulation_cuda_redux(simulation_state, configuration_description, float*, float*)",1,"stall_exec_dependency","Issue Stall Reasons (Execution Dependency)",77.034909%,77.034909%,77.034909%
"NVIDIA GeForce MX130 (0)","montecarlo_simulation_cuda_redux(simulation_state, configuration_description, float*, float*)",1,"stall_memory_dependency","Issue Stall Reasons (Data Request)",3.094238%,3.094238%,3.094238%
"NVIDIA GeForce MX130 (0)","montecarlo_simulation_cuda_redux(simulation_state, configuration_description, float*, float*)",1,"stall_texture","Issue Stall Reasons (Texture)",0.013194%,0.013194%,0.013194%
"NVIDIA GeForce MX130 (0)","montecarlo_simulation_cuda_redux(simulation_state, configuration_description, float*, float*)",1,"stall_sync","Issue Stall Reasons (Synchronization)",0.002192%,0.002192%,0.002192%
"NVIDIA GeForce MX130 (0)","montecarlo_simulation_cuda_redux(simulation_state, configuration_description, float*, float*)",1,"stall_other","Issue Stall Reasons (Other)",18.784493%,18.784493%,18.784493%
"NVIDIA GeForce MX130 (0)","montecarlo_simulation_cuda_redux(simulation_state, configuration_description, float*, float*)",1,"stall_constant_memory_dependency","Issue Stall Reasons (Immediate constant)",0.000008%,0.000008%,0.000008%
"NVIDIA GeForce MX130 (0)","montecarlo_simulation_cuda_redux(simulation_state, configuration_description, float*, float*)",1,"stall_pipe_busy","Issue Stall Reasons (Pipe Busy)",0.032903%,0.032903%,0.032903%
"NVIDIA GeForce MX130 (0)","montecarlo_simulation_cuda_redux(simulation_state, configuration_description, float*, float*)",1,"shared_efficiency","Shared Memory Efficiency",78.586066%,78.586066%,78.586066%
"NVIDIA GeForce MX130 (0)","montecarlo_simulation_cuda_redux(simulation_state, configuration_description, float*, float*)",1,"inst_fp_32","FP Instructions(Single)",8897840428,8897840428,8897840428
"NVIDIA GeForce MX130 (0)","montecarlo_simulation_cuda_redux(simulation_state, configuration_description, float*, float*)",1,"inst_fp_64","FP Instructions(Double)",54321800783,54321800783,54321800783
"NVIDIA GeForce MX130 (0)","montecarlo_simulation_cuda_redux(simulation_state, configuration_description, float*, float*)",1,"inst_integer","Integer Instructions",24468802173,24468802173,24468802173
"NVIDIA GeForce MX130 (0)","montecarlo_simulation_cuda_redux(simulation_state, configuration_description, float*, float*)",1,"inst_bit_convert","Bit-Convert Instructions",1480600000,1480600000,1480600000
"NVIDIA GeForce MX130 (0)","montecarlo_simulation_cuda_redux(simulation_state, configuration_description, float*, float*)",1,"inst_control","Control-Flow Instructions",6208400391,6208400391,6208400391
"NVIDIA GeForce MX130 (0)","montecarlo_simulation_cuda_redux(simulation_state, configuration_description, float*, float*)",1,"inst_compute_ld_st","Load/Store Instructions",2281440330,2281440330,2281440330
"NVIDIA GeForce MX130 (0)","montecarlo_simulation_cuda_redux(simulation_state, configuration_description, float*, float*)",1,"inst_misc","Misc Instructions",17607366900,17607366900,17607366900
"NVIDIA GeForce MX130 (0)","montecarlo_simulation_cuda_redux(simulation_state, configuration_description, float*, float*)",1,"inst_inter_thread_communication","Inter-Thread Instructions",0,0,0
"NVIDIA GeForce MX130 (0)","montecarlo_simulation_cuda_redux(simulation_state, configuration_description, float*, float*)",1,"issue_slots","Issue Slots",3643174681,3643174681,3643174681
"NVIDIA GeForce MX130 (0)","montecarlo_simulation_cuda_redux(simulation_state, configuration_description, float*, float*)",1,"cf_issued","Issued Control-Flow Instructions",210706739,210706739,210706739
"NVIDIA GeForce MX130 (0)","montecarlo_simulation_cuda_redux(simulation_state, configuration_description, float*, float*)",1,"cf_executed","Executed Control-Flow Instructions",210706739,210706739,210706739
"NVIDIA GeForce MX130 (0)","montecarlo_simulation_cuda_redux(simulation_state, configuration_description, float*, float*)",1,"ldst_issued","Issued Load/Store Instructions",337446399,337446399,337446399
"NVIDIA GeForce MX130 (0)","montecarlo_simulation_cuda_redux(simulation_state, configuration_description, float*, float*)",1,"ldst_executed","Executed Load/Store Instructions",73731250,73731250,73731250
"NVIDIA GeForce MX130 (0)","montecarlo_simulation_cuda_redux(simulation_state, configuration_description, float*, float*)",1,"atomic_transactions","Atomic Transactions",0,0,0
"NVIDIA GeForce MX130 (0)","montecarlo_simulation_cuda_redux(simulation_state, configuration_description, float*, float*)",1,"atomic_transactions_per_request","Atomic Transactions Per Request",0.000000,0.000000,0.000000
"NVIDIA GeForce MX130 (0)","montecarlo_simulation_cuda_redux(simulation_state, configuration_description, float*, float*)",1,"l2_atomic_throughput","L2 Throughput (Atomic requests)",0.000000B/s,0.000000B/s,0.000000B/s
"NVIDIA GeForce MX130 (0)","montecarlo_simulation_cuda_redux(simulation_state, configuration_description, float*, float*)",1,"sysmem_read_utilization","System Memory Read Utilization","Idle (0)","Idle (0)","Idle (0)"
"NVIDIA GeForce MX130 (0)","montecarlo_simulation_cuda_redux(simulation_state, configuration_description, float*, float*)",1,"sysmem_write_utilization","System Memory Write Utilization","Low (1)","Low (1)","Low (1)"
"NVIDIA GeForce MX130 (0)","montecarlo_simulation_cuda_redux(simulation_state, configuration_description, float*, float*)",1,"inst_executed_global_loads","Warp level instructions for global loads",49918750,49918750,49918750
"NVIDIA GeForce MX130 (0)","montecarlo_simulation_cuda_redux(simulation_state, configuration_description, float*, float*)",1,"inst_executed_local_loads","Warp level instructions for local loads",0,0,0
"NVIDIA GeForce MX130 (0)","montecarlo_simulation_cuda_redux(simulation_state, configuration_description, float*, float*)",1,"inst_executed_shared_loads","Warp level instructions for shared loads",34375,34375,34375
"NVIDIA GeForce MX130 (0)","montecarlo_simulation_cuda_redux(simulation_state, configuration_description, float*, float*)",1,"inst_executed_surface_loads","Warp level instructions for surface loads",0,0,0
"NVIDIA GeForce MX130 (0)","montecarlo_simulation_cuda_redux(simulation_state, configuration_description, float*, float*)",1,"inst_executed_global_stores","Warp level instructions for global stores",23540625,23540625,23540625
"NVIDIA GeForce MX130 (0)","montecarlo_simulation_cuda_redux(simulation_state, configuration_description, float*, float*)",1,"inst_executed_local_stores","Warp level instructions for local stores",0,0,0
"NVIDIA GeForce MX130 (0)","montecarlo_simulation_cuda_redux(simulation_state, configuration_description, float*, float*)",1,"inst_executed_shared_stores","Warp level instructions for shared stores",156250,156250,156250
"NVIDIA GeForce MX130 (0)","montecarlo_simulation_cuda_redux(simulation_state, configuration_description, float*, float*)",1,"inst_executed_surface_stores","Warp level instructions for surface stores",0,0,0
"NVIDIA GeForce MX130 (0)","montecarlo_simulation_cuda_redux(simulation_state, configuration_description, float*, float*)",1,"inst_executed_global_atomics","Warp level instructions for global atom and atom cas",0,0,0
"NVIDIA GeForce MX130 (0)","montecarlo_simulation_cuda_redux(simulation_state, configuration_description, float*, float*)",1,"inst_executed_global_reductions","Warp level instructions for global reductions",0,0,0
"NVIDIA GeForce MX130 (0)","montecarlo_simulation_cuda_redux(simulation_state, configuration_description, float*, float*)",1,"inst_executed_surface_atomics","Warp level instructions for surface atom and atom cas",0,0,0
"NVIDIA GeForce MX130 (0)","montecarlo_simulation_cuda_redux(simulation_state, configuration_description, float*, float*)",1,"inst_executed_surface_reductions","Warp level instructions for surface reductions",0,0,0
"NVIDIA GeForce MX130 (0)","montecarlo_simulation_cuda_redux(simulation_state, configuration_description, float*, float*)",1,"inst_executed_shared_atomics","Warp level shared instructions for atom and atom CAS",0,0,0
"NVIDIA GeForce MX130 (0)","montecarlo_simulation_cuda_redux(simulation_state, configuration_description, float*, float*)",1,"inst_executed_tex_ops","Warp level instructions for texture",0,0,0
"NVIDIA GeForce MX130 (0)","montecarlo_simulation_cuda_redux(simulation_state, configuration_description, float*, float*)",1,"l2_global_load_bytes","Bytes read from L2 for misses in Unified Cache for global loads",48596856608,48596856608,48596856608
"NVIDIA GeForce MX130 (0)","montecarlo_simulation_cuda_redux(simulation_state, configuration_description, float*, float*)",1,"l2_local_load_bytes","Bytes read from L2 for misses in Unified Cache for local loads",0,0,0
"NVIDIA GeForce MX130 (0)","montecarlo_simulation_cuda_redux(simulation_state, configuration_description, float*, float*)",1,"l2_surface_load_bytes","Bytes read from L2 for misses in Unified Cache for surface loads",0,0,0
"NVIDIA GeForce MX130 (0)","montecarlo_simulation_cuda_redux(simulation_state, configuration_description, float*, float*)",1,"dram_read_bytes","Total bytes read from DRAM to L2 cache",21858641728,21858641728,21858641728
"NVIDIA GeForce MX130 (0)","montecarlo_simulation_cuda_redux(simulation_state, configuration_description, float*, float*)",1,"dram_write_bytes","Total bytes written from L2 cache to DRAM",10578021664,10578021664,10578021664
"NVIDIA GeForce MX130 (0)","montecarlo_simulation_cuda_redux(simulation_state, configuration_description, float*, float*)",1,"l2_local_global_store_bytes","Bytes written to L2 from Unified Cache for local and global stores.",24048278336,24048278336,24048278336
"NVIDIA GeForce MX130 (0)","montecarlo_simulation_cuda_redux(simulation_state, configuration_description, float*, float*)",1,"l2_global_reduction_bytes","Bytes written to L2 from Unified cache for global reductions",0,0,0
"NVIDIA GeForce MX130 (0)","montecarlo_simulation_cuda_redux(simulation_state, configuration_description, float*, float*)",1,"l2_global_atomic_store_bytes","Bytes written to L2 from Unified cache for global atomics",0,0,0
"NVIDIA GeForce MX130 (0)","montecarlo_simulation_cuda_redux(simulation_state, configuration_description, float*, float*)",1,"l2_surface_store_bytes","Bytes written to L2 from Unified Cache for surface stores.",0,0,0
"NVIDIA GeForce MX130 (0)","montecarlo_simulation_cuda_redux(simulation_state, configuration_description, float*, float*)",1,"l2_surface_reduction_bytes","Bytes written to L2 from Unified Cache for surface reductions",0,0,0
"NVIDIA GeForce MX130 (0)","montecarlo_simulation_cuda_redux(simulation_state, configuration_description, float*, float*)",1,"l2_surface_atomic_store_bytes","Bytes transferred between Unified Cache and L2 for surface atomics",0,0,0
"NVIDIA GeForce MX130 (0)","montecarlo_simulation_cuda_redux(simulation_state, configuration_description, float*, float*)",1,"global_load_requests","Total number of global load requests from Multiprocessor",197668274,197668274,197668274
"NVIDIA GeForce MX130 (0)","montecarlo_simulation_cuda_redux(simulation_state, configuration_description, float*, float*)",1,"local_load_requests","Total number of local load requests from Multiprocessor",0,0,0
"NVIDIA GeForce MX130 (0)","montecarlo_simulation_cuda_redux(simulation_state, configuration_description, float*, float*)",1,"surface_load_requests","Total number of surface load requests from Multiprocessor",0,0,0
"NVIDIA GeForce MX130 (0)","montecarlo_simulation_cuda_redux(simulation_state, configuration_description, float*, float*)",1,"global_store_requests","Total number of global store requests from Multiprocessor",139528125,139528125,139528125
"NVIDIA GeForce MX130 (0)","montecarlo_simulation_cuda_redux(simulation_state, configuration_description, float*, float*)",1,"local_store_requests","Total number of local store requests from Multiprocessor",0,0,0
"NVIDIA GeForce MX130 (0)","montecarlo_simulation_cuda_redux(simulation_state, configuration_description, float*, float*)",1,"surface_store_requests","Total number of surface store requests from Multiprocessor",0,0,0
"NVIDIA GeForce MX130 (0)","montecarlo_simulation_cuda_redux(simulation_state, configuration_description, float*, float*)",1,"global_atomic_requests","Total number of global atomic requests from Multiprocessor",0,0,0
"NVIDIA GeForce MX130 (0)","montecarlo_simulation_cuda_redux(simulation_state, configuration_description, float*, float*)",1,"global_reduction_requests","Total number of global reduction requests from Multiprocessor",0,0,0
"NVIDIA GeForce MX130 (0)","montecarlo_simulation_cuda_redux(simulation_state, configuration_description, float*, float*)",1,"surface_atomic_requests","Total number of surface atomic requests from Multiprocessor",0,0,0
"NVIDIA GeForce MX130 (0)","montecarlo_simulation_cuda_redux(simulation_state, configuration_description, float*, float*)",1,"surface_reduction_requests","Total number of surface reduction requests from Multiprocessor",0,0,0
"NVIDIA GeForce MX130 (0)","montecarlo_simulation_cuda_redux(simulation_state, configuration_description, float*, float*)",1,"sysmem_read_bytes","System Memory Read Bytes",0,0,0
"NVIDIA GeForce MX130 (0)","montecarlo_simulation_cuda_redux(simulation_state, configuration_description, float*, float*)",1,"sysmem_write_bytes","System Memory Write Bytes",128,128,128
"NVIDIA GeForce MX130 (0)","montecarlo_simulation_cuda_redux(simulation_state, configuration_description, float*, float*)",1,"l2_tex_hit_rate","L2 Cache Hit Rate",62.621656%,62.621656%,62.621656%
"NVIDIA GeForce MX130 (0)","montecarlo_simulation_cuda_redux(simulation_state, configuration_description, float*, float*)",1,"texture_load_requests","Total number of texture Load requests from Multiprocessor",0,0,0
"NVIDIA GeForce MX130 (0)","montecarlo_simulation_cuda_redux(simulation_state, configuration_description, float*, float*)",1,"ecc_transactions","ECC Transactions",0,0,0
"NVIDIA GeForce MX130 (0)","montecarlo_simulation_cuda_redux(simulation_state, configuration_description, float*, float*)",1,"ecc_throughput","ECC Throughput",0.000000B/s,0.000000B/s,0.000000B/s
"NVIDIA GeForce MX130 (0)","montecarlo_simulation_cuda_redux(simulation_state, configuration_description, float*, float*)",1,"eligible_warps_per_cycle","Eligible Warps Per Active Cycle",0.270080,0.270080,0.270080
"NVIDIA GeForce MX130 (0)","montecarlo_simulation_cuda_redux(simulation_state, configuration_description, float*, float*)",1,"l2_atomic_transactions","L2 Transactions (Atomic requests)",0,0,0
"NVIDIA GeForce MX130 (0)","montecarlo_simulation_cuda_redux(simulation_state, configuration_description, float*, float*)",1,"l2_tex_read_transactions","L2 Transactions (Texture Reads)",1518651769,1518651769,1518651769
"NVIDIA GeForce MX130 (0)","montecarlo_simulation_cuda_redux(simulation_state, configuration_description, float*, float*)",1,"l2_tex_write_transactions","L2 Transactions (Texture Writes)",751508698,751508698,751508698
"NVIDIA GeForce MX130 (0)","montecarlo_simulation_cuda_redux(simulation_state, configuration_description, float*, float*)",1,"stall_memory_throttle","Issue Stall Reasons (Memory Throttle)",0.000078%,0.000078%,0.000078%
"NVIDIA GeForce MX130 (0)","montecarlo_simulation_cuda_redux(simulation_state, configuration_description, float*, float*)",1,"stall_not_selected","Issue Stall Reasons (Not Selected)",0.021289%,0.021289%,0.021289%
"NVIDIA GeForce MX130 (0)","collect_res_gpu_grid(float*, float*, int)",1,"sm_efficiency","Multiprocessor Activity",31.218270%,31.218270%,31.218270%
"NVIDIA GeForce MX130 (0)","collect_res_gpu_grid(float*, float*, int)",1,"achieved_occupancy","Achieved Occupancy",0.051979,0.051979,0.051979
"NVIDIA GeForce MX130 (0)","collect_res_gpu_grid(float*, float*, int)",1,"ipc","Executed IPC",0.194682,0.194682,0.194682
"NVIDIA GeForce MX130 (0)","collect_res_gpu_grid(float*, float*, int)",1,"issued_ipc","Issued IPC",0.197110,0.197110,0.197110
"NVIDIA GeForce MX130 (0)","collect_res_gpu_grid(float*, float*, int)",1,"inst_per_warp","Instructions per warp",483.250000,483.250000,483.250000
"NVIDIA GeForce MX130 (0)","collect_res_gpu_grid(float*, float*, int)",1,"branch_efficiency","Branch Efficiency",99.901961%,99.901961%,99.901961%
"NVIDIA GeForce MX130 (0)","collect_res_gpu_grid(float*, float*, int)",1,"warp_execution_efficiency","Warp Execution Efficiency",61.943465%,61.943465%,61.943465%
"NVIDIA GeForce MX130 (0)","collect_res_gpu_grid(float*, float*, int)",1,"warp_nonpred_execution_efficiency","Warp Non-Predicated Execution Efficiency",40.941461%,40.941461%,40.941461%
"NVIDIA GeForce MX130 (0)","collect_res_gpu_grid(float*, float*, int)",1,"inst_replay_overhead","Instruction Replay Overhead",0.008407,0.008407,0.008407
"NVIDIA GeForce MX130 (0)","collect_res_gpu_grid(float*, float*, int)",1,"issue_slot_utilization","Issue Slot Utilization",4.187365%,4.187365%,4.187365%
"NVIDIA GeForce MX130 (0)","collect_res_gpu_grid(float*, float*, int)",1,"shared_load_transactions_per_request","Shared Memory Load Transactions Per Request",0.079970,0.079970,0.079970
"NVIDIA GeForce MX130 (0)","collect_res_gpu_grid(float*, float*, int)",1,"shared_store_transactions_per_request","Shared Memory Store Transactions Per Request",0.142045,0.142045,0.142045
"NVIDIA GeForce MX130 (0)","collect_res_gpu_grid(float*, float*, int)",1,"local_load_transactions_per_request","Local Memory Load Transactions Per Request",1.021622,1.021622,1.021622
"NVIDIA GeForce MX130 (0)","collect_res_gpu_grid(float*, float*, int)",1,"local_store_transactions_per_request","Local Memory Store Transactions Per Request",1.066667,1.066667,1.066667
"NVIDIA GeForce MX130 (0)","collect_res_gpu_grid(float*, float*, int)",1,"gld_transactions_per_request","Global Load Transactions Per Request",9.316327,9.316327,9.316327
"NVIDIA GeForce MX130 (0)","collect_res_gpu_grid(float*, float*, int)",1,"gst_transactions_per_request","Global Store Transactions Per Request",6.942857,6.942857,6.942857
"NVIDIA GeForce MX130 (0)","collect_res_gpu_grid(float*, float*, int)",1,"shared_store_transactions","Shared Store Transactions",100,100,100
"NVIDIA GeForce MX130 (0)","collect_res_gpu_grid(float*, float*, int)",1,"shared_load_transactions","Shared Load Transactions",105,105,105
"NVIDIA GeForce MX130 (0)","collect_res_gpu_grid(float*, float*, int)",1,"local_load_transactions","Local Load Transactions",378,378,378
"NVIDIA GeForce MX130 (0)","collect_res_gpu_grid(float*, float*, int)",1,"local_store_transactions","Local Store Transactions",64,64,64
"NVIDIA GeForce MX130 (0)","collect_res_gpu_grid(float*, float*, int)",1,"gld_transactions","Global Load Transactions",913,913,913
"NVIDIA GeForce MX130 (0)","collect_res_gpu_grid(float*, float*, int)",1,"gst_transactions","Global Store Transactions",243,243,243
"NVIDIA GeForce MX130 (0)","collect_res_gpu_grid(float*, float*, int)",1,"sysmem_read_transactions","System Memory Read Transactions",1,1,1
"NVIDIA GeForce MX130 (0)","collect_res_gpu_grid(float*, float*, int)",1,"sysmem_write_transactions","System Memory Write Transactions",215,215,215
"NVIDIA GeForce MX130 (0)","collect_res_gpu_grid(float*, float*, int)",1,"l2_read_transactions","L2 Read Transactions",938,938,938
"NVIDIA GeForce MX130 (0)","collect_res_gpu_grid(float*, float*, int)",1,"l2_write_transactions","L2 Write Transactions",318,318,318
"NVIDIA GeForce MX130 (0)","collect_res_gpu_grid(float*, float*, int)",1,"dram_read_transactions","Device Memory Read Transactions",0,0,0
"NVIDIA GeForce MX130 (0)","collect_res_gpu_grid(float*, float*, int)",1,"dram_write_transactions","Device Memory Write Transactions",0,0,0
"NVIDIA GeForce MX130 (0)","collect_res_gpu_grid(float*, float*, int)",1,"global_hit_rate","Global Hit Rate in unified l1/tex",42.825849%,42.825849%,42.825849%
"NVIDIA GeForce MX130 (0)","collect_res_gpu_grid(float*, float*, int)",1,"local_hit_rate","Local Hit Rate",0.000000%,0.000000%,0.000000%
"NVIDIA GeForce MX130 (0)","collect_res_gpu_grid(float*, float*, int)",1,"gld_requested_throughput","Requested Global Load Throughput",166.630728MB/s,166.630728MB/s,166.630714MB/s
"NVIDIA GeForce MX130 (0)","collect_res_gpu_grid(float*, float*, int)",1,"gst_requested_throughput","Requested Global Store Throughput",1.706298MB/s,1.706298MB/s,1.706285MB/s
"NVIDIA GeForce MX130 (0)","collect_res_gpu_grid(float*, float*, int)",1,"gld_throughput","Global Load Throughput",166.790693MB/s,166.790693MB/s,166.790680MB/s
"NVIDIA GeForce MX130 (0)","collect_res_gpu_grid(float*, float*, int)",1,"gst_throughput","Global Store Throughput",103.657643MB/s,103.657643MB/s,103.657630MB/s
"NVIDIA GeForce MX130 (0)","collect_res_gpu_grid(float*, float*, int)",1,"local_memory_overhead","Local Memory Overhead",36.619718%,36.619718%,36.619718%
"NVIDIA GeForce MX130 (0)","collect_res_gpu_grid(float*, float*, int)",1,"tex_cache_hit_rate","Unified Cache Hit Rate",28.958211%,28.958211%,28.958211%
"NVIDIA GeForce MX130 (0)","collect_res_gpu_grid(float*, float*, int)",1,"l2_tex_read_hit_rate","L2 Hit Rate (Texture Reads)",94.666667%,94.666667%,94.666667%
"NVIDIA GeForce MX130 (0)","collect_res_gpu_grid(float*, float*, int)",1,"l2_tex_write_hit_rate","L2 Hit Rate (Texture Writes)",99.348534%,99.348534%,99.348534%
"NVIDIA GeForce MX130 (0)","collect_res_gpu_grid(float*, float*, int)",1,"dram_read_throughput","Device Memory Read Throughput",0.000000B/s,0.000000B/s,0.000000B/s
"NVIDIA GeForce MX130 (0)","collect_res_gpu_grid(float*, float*, int)",1,"dram_write_throughput","Device Memory Write Throughput",0.000000B/s,0.000000B/s,0.000000B/s
"NVIDIA GeForce MX130 (0)","collect_res_gpu_grid(float*, float*, int)",1,"tex_cache_throughput","Unified Cache Throughput",386.903221MB/s,386.903221MB/s,386.903208MB/s
"NVIDIA GeForce MX130 (0)","collect_res_gpu_grid(float*, float*, int)",1,"l2_tex_read_throughput","L2 Throughput (Texture Reads)",383.917198MB/s,383.917198MB/s,383.917185MB/s
"NVIDIA GeForce MX130 (0)","collect_res_gpu_grid(float*, float*, int)",1,"l2_tex_write_throughput","L2 Throughput (Texture Writes)",130.958422MB/s,130.958422MB/s,130.958408MB/s
"NVIDIA GeForce MX130 (0)","collect_res_gpu_grid(float*, float*, int)",1,"l2_read_throughput","L2 Throughput (Reads)",400.127035MB/s,400.127035MB/s,400.127022MB/s
"NVIDIA GeForce MX130 (0)","collect_res_gpu_grid(float*, float*, int)",1,"l2_write_throughput","L2 Throughput (Writes)",135.650743MB/s,135.650743MB/s,135.650730MB/s
"NVIDIA GeForce MX130 (0)","collect_res_gpu_grid(float*, float*, int)",1,"sysmem_read_throughput","System Memory Read Throughput",436.811523KB/s,436.811523KB/s,436.797852KB/s
"NVIDIA GeForce MX130 (0)","collect_res_gpu_grid(float*, float*, int)",1,"sysmem_write_throughput","System Memory Write Throughput",91.713552MB/s,91.713552MB/s,91.713539MB/s
"NVIDIA GeForce MX130 (0)","collect_res_gpu_grid(float*, float*, int)",1,"local_load_throughput","Local Memory Load Throughput",161.245223MB/s,161.245223MB/s,161.245210MB/s
"NVIDIA GeForce MX130 (0)","collect_res_gpu_grid(float*, float*, int)",1,"local_store_throughput","Local Memory Store Throughput",27.300778MB/s,27.300778MB/s,27.300765MB/s
"NVIDIA GeForce MX130 (0)","collect_res_gpu_grid(float*, float*, int)",1,"shared_load_throughput","Shared Memory Load Throughput",179.161359MB/s,179.161359MB/s,179.161345MB/s
"NVIDIA GeForce MX130 (0)","collect_res_gpu_grid(float*, float*, int)",1,"shared_store_throughput","Shared Memory Store Throughput",170.629866MB/s,170.629866MB/s,170.629852MB/s
"NVIDIA GeForce MX130 (0)","collect_res_gpu_grid(float*, float*, int)",1,"gld_efficiency","Global Memory Load Efficiency",99.904092%,99.904092%,99.904092%
"NVIDIA GeForce MX130 (0)","collect_res_gpu_grid(float*, float*, int)",1,"gst_efficiency","Global Memory Store Efficiency",1.646091%,1.646091%,1.646091%
"NVIDIA GeForce MX130 (0)","collect_res_gpu_grid(float*, float*, int)",1,"tex_cache_transactions","Unified Cache Transactions",907,907,907
"NVIDIA GeForce MX130 (0)","collect_res_gpu_grid(float*, float*, int)",1,"cf_fu_utilization","Control-Flow Function Unit Utilization","Low (1)","Low (1)","Low (1)"
"NVIDIA GeForce MX130 (0)","collect_res_gpu_grid(float*, float*, int)",1,"tex_fu_utilization","Texture Function Unit Utilization","Low (1)","Low (1)","Low (1)"
"NVIDIA GeForce MX130 (0)","collect_res_gpu_grid(float*, float*, int)",1,"ldst_fu_utilization","Load/Store Function Unit Utilization","Low (1)","Low (1)","Low (1)"
"NVIDIA GeForce MX130 (0)","collect_res_gpu_grid(float*, float*, int)",1,"double_precision_fu_utilization","Double-Precision Function Unit Utilization","Low (1)","Low (1)","Low (1)"
"NVIDIA GeForce MX130 (0)","collect_res_gpu_grid(float*, float*, int)",1,"special_fu_utilization","Special Function Unit Utilization","Low (1)","Low (1)","Low (1)"
"NVIDIA GeForce MX130 (0)","collect_res_gpu_grid(float*, float*, int)",1,"single_precision_fu_utilization","Single-Precision Function Unit Utilization","Low (1)","Low (1)","Low (1)"
"NVIDIA GeForce MX130 (0)","collect_res_gpu_grid(float*, float*, int)",1,"flop_count_dp","Floating Point Operations(Double Precision)",0,0,0
"NVIDIA GeForce MX130 (0)","collect_res_gpu_grid(float*, float*, int)",1,"flop_count_dp_add","Floating Point Operations(Double Precision Add)",0,0,0
"NVIDIA GeForce MX130 (0)","collect_res_gpu_grid(float*, float*, int)",1,"flop_count_dp_fma","Floating Point Operations(Double Precision FMA)",0,0,0
"NVIDIA GeForce MX130 (0)","collect_res_gpu_grid(float*, float*, int)",1,"flop_count_dp_mul","Floating Point Operations(Double Precision Mul)",0,0,0
"NVIDIA GeForce MX130 (0)","collect_res_gpu_grid(float*, float*, int)",1,"flop_count_sp","Floating Point Operations(Single Precision)",4148,4148,4148
"NVIDIA GeForce MX130 (0)","collect_res_gpu_grid(float*, float*, int)",1,"flop_count_sp_add","Floating Point Operations(Single Precision Add)",4148,4148,4148
"NVIDIA GeForce MX130 (0)","collect_res_gpu_grid(float*, float*, int)",1,"flop_count_sp_fma","Floating Point Operations(Single Precision FMA)",0,0,0
"NVIDIA GeForce MX130 (0)","collect_res_gpu_grid(float*, float*, int)",1,"flop_count_sp_mul","Floating Point Operation(Single Precision Mul)",0,0,0
"NVIDIA GeForce MX130 (0)","collect_res_gpu_grid(float*, float*, int)",1,"flop_count_sp_special","Floating Point Operations(Single Precision Special)",0,0,0
"NVIDIA GeForce MX130 (0)","collect_res_gpu_grid(float*, float*, int)",1,"inst_executed","Instructions Executed",15464,15464,15464
"NVIDIA GeForce MX130 (0)","collect_res_gpu_grid(float*, float*, int)",1,"inst_issued","Instructions Issued",15594,15594,15594
"NVIDIA GeForce MX130 (0)","collect_res_gpu_grid(float*, float*, int)",1,"dram_utilization","Device Memory Utilization","Idle (0)","Idle (0)","Idle (0)"
"NVIDIA GeForce MX130 (0)","collect_res_gpu_grid(float*, float*, int)",1,"sysmem_utilization","System Memory Utilization","Low (1)","Low (1)","Low (1)"
"NVIDIA GeForce MX130 (0)","collect_res_gpu_grid(float*, float*, int)",1,"tex_utilization","Unified Cache Utilization","Low (1)","Low (1)","Low (1)"
"NVIDIA GeForce MX130 (0)","collect_res_gpu_grid(float*, float*, int)",1,"l2_utilization","L2 Cache Utilization","Low (1)","Low (1)","Low (1)"
"NVIDIA GeForce MX130 (0)","collect_res_gpu_grid(float*, float*, int)",1,"stall_inst_fetch","Issue Stall Reasons (Instructions Fetch)",8.766297%,8.766297%,8.766297%
"NVIDIA GeForce MX130 (0)","collect_res_gpu_grid(float*, float*, int)",1,"stall_exec_dependency","Issue Stall Reasons (Execution Dependency)",21.885330%,21.885330%,21.885330%
"NVIDIA GeForce MX130 (0)","collect_res_gpu_grid(float*, float*, int)",1,"stall_memory_dependency","Issue Stall Reasons (Data Request)",18.054321%,18.054321%,18.054321%
"NVIDIA GeForce MX130 (0)","collect_res_gpu_grid(float*, float*, int)",1,"stall_texture","Issue Stall Reasons (Texture)",0.001580%,0.001580%,0.001580%
"NVIDIA GeForce MX130 (0)","collect_res_gpu_grid(float*, float*, int)",1,"stall_sync","Issue Stall Reasons (Synchronization)",24.837182%,24.837182%,24.837182%
"NVIDIA GeForce MX130 (0)","collect_res_gpu_grid(float*, float*, int)",1,"stall_other","Issue Stall Reasons (Other)",21.551993%,21.551993%,21.551993%
"NVIDIA GeForce MX130 (0)","collect_res_gpu_grid(float*, float*, int)",1,"stall_constant_memory_dependency","Issue Stall Reasons (Immediate constant)",2.659194%,2.659194%,2.659194%
"NVIDIA GeForce MX130 (0)","collect_res_gpu_grid(float*, float*, int)",1,"stall_pipe_busy","Issue Stall Reasons (Pipe Busy)",1.220789%,1.220789%,1.220789%
"NVIDIA GeForce MX130 (0)","collect_res_gpu_grid(float*, float*, int)",1,"shared_efficiency","Shared Memory Efficiency",78.506098%,78.506098%,78.506098%
"NVIDIA GeForce MX130 (0)","collect_res_gpu_grid(float*, float*, int)",1,"shared_utilization","Shared Memory Utilization","Low (1)","Low (1)","Low (1)"
"NVIDIA GeForce MX130 (0)","collect_res_gpu_grid(float*, float*, int)",1,"inst_fp_32","FP Instructions(Single)",4148,4148,4148
"NVIDIA GeForce MX130 (0)","collect_res_gpu_grid(float*, float*, int)",1,"inst_fp_64","FP Instructions(Double)",0,0,0
"NVIDIA GeForce MX130 (0)","collect_res_gpu_grid(float*, float*, int)",1,"inst_integer","Integer Instructions",109833,109833,109833
"NVIDIA GeForce MX130 (0)","collect_res_gpu_grid(float*, float*, int)",1,"inst_bit_convert","Bit-Convert Instructions",1,1,1
"NVIDIA GeForce MX130 (0)","collect_res_gpu_grid(float*, float*, int)",1,"inst_control","Control-Flow Instructions",18486,18486,18486
"NVIDIA GeForce MX130 (0)","collect_res_gpu_grid(float*, float*, int)",1,"inst_compute_ld_st","Load/Store Instructions",21557,21557,21557
"NVIDIA GeForce MX130 (0)","collect_res_gpu_grid(float*, float*, int)",1,"inst_misc","Misc Instructions",44036,44036,44036
"NVIDIA GeForce MX130 (0)","collect_res_gpu_grid(float*, float*, int)",1,"inst_inter_thread_communication","Inter-Thread Instructions",0,0,0
"NVIDIA GeForce MX130 (0)","collect_res_gpu_grid(float*, float*, int)",1,"issue_slots","Issue Slots",13251,13251,13251
"NVIDIA GeForce MX130 (0)","collect_res_gpu_grid(float*, float*, int)",1,"cf_issued","Issued Control-Flow Instructions",1150,1150,1150
"NVIDIA GeForce MX130 (0)","collect_res_gpu_grid(float*, float*, int)",1,"cf_executed","Executed Control-Flow Instructions",1150,1150,1150
"NVIDIA GeForce MX130 (0)","collect_res_gpu_grid(float*, float*, int)",1,"ldst_issued","Issued Load/Store Instructions",4074,4074,4074
"NVIDIA GeForce MX130 (0)","collect_res_gpu_grid(float*, float*, int)",1,"ldst_executed","Executed Load/Store Instructions",4231,4231,4231
"NVIDIA GeForce MX130 (0)","collect_res_gpu_grid(float*, float*, int)",1,"atomic_transactions","Atomic Transactions",5,5,5
"NVIDIA GeForce MX130 (0)","collect_res_gpu_grid(float*, float*, int)",1,"atomic_transactions_per_request","Atomic Transactions Per Request",1.000000,1.000000,1.000000
"NVIDIA GeForce MX130 (0)","collect_res_gpu_grid(float*, float*, int)",1,"l2_atomic_throughput","L2 Throughput (Atomic requests)",2.132873MB/s,2.132873MB/s,2.132859MB/s
"NVIDIA GeForce MX130 (0)","collect_res_gpu_grid(float*, float*, int)",1,"sysmem_read_utilization","System Memory Read Utilization","Low (1)","Low (1)","Low (1)"
"NVIDIA GeForce MX130 (0)","collect_res_gpu_grid(float*, float*, int)",1,"sysmem_write_utilization","System Memory Write Utilization","Low (1)","Low (1)","Low (1)"
"NVIDIA GeForce MX130 (0)","collect_res_gpu_grid(float*, float*, int)",1,"inst_executed_global_loads","Warp level instructions for global loads",98,98,98
"NVIDIA GeForce MX130 (0)","collect_res_gpu_grid(float*, float*, int)",1,"inst_executed_local_loads","Warp level instructions for local loads",370,370,370
"NVIDIA GeForce MX130 (0)","collect_res_gpu_grid(float*, float*, int)",1,"inst_executed_shared_loads","Warp level instructions for shared loads",1313,1313,1313
"NVIDIA GeForce MX130 (0)","collect_res_gpu_grid(float*, float*, int)",1,"inst_executed_surface_loads","Warp level instructions for surface loads",0,0,0
"NVIDIA GeForce MX130 (0)","collect_res_gpu_grid(float*, float*, int)",1,"inst_executed_global_stores","Warp level instructions for global stores",35,35,35
"NVIDIA GeForce MX130 (0)","collect_res_gpu_grid(float*, float*, int)",1,"inst_executed_local_stores","Warp level instructions for local stores",60,60,60
"NVIDIA GeForce MX130 (0)","collect_res_gpu_grid(float*, float*, int)",1,"inst_executed_shared_stores","Warp level instructions for shared stores",704,704,704
"NVIDIA GeForce MX130 (0)","collect_res_gpu_grid(float*, float*, int)",1,"inst_executed_surface_stores","Warp level instructions for surface stores",0,0,0
"NVIDIA GeForce MX130 (0)","collect_res_gpu_grid(float*, float*, int)",1,"inst_executed_global_atomics","Warp level instructions for global atom and atom cas",5,5,5
"NVIDIA GeForce MX130 (0)","collect_res_gpu_grid(float*, float*, int)",1,"inst_executed_global_reductions","Warp level instructions for global reductions",0,0,0
"NVIDIA GeForce MX130 (0)","collect_res_gpu_grid(float*, float*, int)",1,"inst_executed_surface_atomics","Warp level instructions for surface atom and atom cas",0,0,0
"NVIDIA GeForce MX130 (0)","collect_res_gpu_grid(float*, float*, int)",1,"inst_executed_surface_reductions","Warp level instructions for surface reductions",0,0,0
"NVIDIA GeForce MX130 (0)","collect_res_gpu_grid(float*, float*, int)",1,"inst_executed_shared_atomics","Warp level shared instructions for atom and atom CAS",0,0,0
"NVIDIA GeForce MX130 (0)","collect_res_gpu_grid(float*, float*, int)",1,"inst_executed_tex_ops","Warp level instructions for texture",0,0,0
"NVIDIA GeForce MX130 (0)","collect_res_gpu_grid(float*, float*, int)",1,"l2_global_load_bytes","Bytes read from L2 for misses in Unified Cache for global loads",16704,16704,16704
"NVIDIA GeForce MX130 (0)","collect_res_gpu_grid(float*, float*, int)",1,"l2_local_load_bytes","Bytes read from L2 for misses in Unified Cache for local loads",12096,12096,12096
"NVIDIA GeForce MX130 (0)","collect_res_gpu_grid(float*, float*, int)",1,"l2_surface_load_bytes","Bytes read from L2 for misses in Unified Cache for surface loads",0,0,0
"NVIDIA GeForce MX130 (0)","collect_res_gpu_grid(float*, float*, int)",1,"dram_read_bytes","Total bytes read from DRAM to L2 cache",0,0,0
"NVIDIA GeForce MX130 (0)","collect_res_gpu_grid(float*, float*, int)",1,"dram_write_bytes","Total bytes written from L2 cache to DRAM",0,0,0
"NVIDIA GeForce MX130 (0)","collect_res_gpu_grid(float*, float*, int)",1,"l2_local_global_store_bytes","Bytes written to L2 from Unified Cache for local and global stores.",9824,9824,9824
"NVIDIA GeForce MX130 (0)","collect_res_gpu_grid(float*, float*, int)",1,"l2_global_reduction_bytes","Bytes written to L2 from Unified cache for global reductions",0,0,0
"NVIDIA GeForce MX130 (0)","collect_res_gpu_grid(float*, float*, int)",1,"l2_global_atomic_store_bytes","Bytes written to L2 from Unified cache for global atomics",160,160,160
"NVIDIA GeForce MX130 (0)","collect_res_gpu_grid(float*, float*, int)",1,"l2_surface_store_bytes","Bytes written to L2 from Unified Cache for surface stores.",0,0,0
"NVIDIA GeForce MX130 (0)","collect_res_gpu_grid(float*, float*, int)",1,"l2_surface_reduction_bytes","Bytes written to L2 from Unified Cache for surface reductions",0,0,0
"NVIDIA GeForce MX130 (0)","collect_res_gpu_grid(float*, float*, int)",1,"l2_surface_atomic_store_bytes","Bytes transferred between Unified Cache and L2 for surface atomics",0,0,0
"NVIDIA GeForce MX130 (0)","collect_res_gpu_grid(float*, float*, int)",1,"global_load_requests","Total number of global load requests from Multiprocessor",523,523,523
"NVIDIA GeForce MX130 (0)","collect_res_gpu_grid(float*, float*, int)",1,"local_load_requests","Total number of local load requests from Multiprocessor",377,377,377
"NVIDIA GeForce MX130 (0)","collect_res_gpu_grid(float*, float*, int)",1,"surface_load_requests","Total number of surface load requests from Multiprocessor",0,0,0
"NVIDIA GeForce MX130 (0)","collect_res_gpu_grid(float*, float*, int)",1,"global_store_requests","Total number of global store requests from Multiprocessor",339,339,339
"NVIDIA GeForce MX130 (0)","collect_res_gpu_grid(float*, float*, int)",1,"local_store_requests","Total number of local store requests from Multiprocessor",64,64,64
"NVIDIA GeForce MX130 (0)","collect_res_gpu_grid(float*, float*, int)",1,"surface_store_requests","Total number of surface store requests from Multiprocessor",0,0,0
"NVIDIA GeForce MX130 (0)","collect_res_gpu_grid(float*, float*, int)",1,"global_atomic_requests","Total number of global atomic requests from Multiprocessor",5,5,5
"NVIDIA GeForce MX130 (0)","collect_res_gpu_grid(float*, float*, int)",1,"global_reduction_requests","Total number of global reduction requests from Multiprocessor",0,0,0
"NVIDIA GeForce MX130 (0)","collect_res_gpu_grid(float*, float*, int)",1,"surface_atomic_requests","Total number of surface atomic requests from Multiprocessor",0,0,0
"NVIDIA GeForce MX130 (0)","collect_res_gpu_grid(float*, float*, int)",1,"surface_reduction_requests","Total number of surface reduction requests from Multiprocessor",0,0,0
"NVIDIA GeForce MX130 (0)","collect_res_gpu_grid(float*, float*, int)",1,"sysmem_read_bytes","System Memory Read Bytes",32,32,32
"NVIDIA GeForce MX130 (0)","collect_res_gpu_grid(float*, float*, int)",1,"sysmem_write_bytes","System Memory Write Bytes",6880,6880,6880
"NVIDIA GeForce MX130 (0)","collect_res_gpu_grid(float*, float*, int)",1,"l2_tex_hit_rate","L2 Cache Hit Rate",95.857498%,95.857498%,95.857498%
"NVIDIA GeForce MX130 (0)","collect_res_gpu_grid(float*, float*, int)",1,"texture_load_requests","Total number of texture Load requests from Multiprocessor",0,0,0
"NVIDIA GeForce MX130 (0)","collect_res_gpu_grid(float*, float*, int)",1,"ecc_transactions","ECC Transactions",0,0,0
"NVIDIA GeForce MX130 (0)","collect_res_gpu_grid(float*, float*, int)",1,"ecc_throughput","ECC Throughput",0.000000B/s,0.000000B/s,0.000000B/s
"NVIDIA GeForce MX130 (0)","collect_res_gpu_grid(float*, float*, int)",1,"eligible_warps_per_cycle","Eligible Warps Per Active Cycle",0.196301,0.196301,0.196301
"NVIDIA GeForce MX130 (0)","collect_res_gpu_grid(float*, float*, int)",1,"l2_atomic_transactions","L2 Transactions (Atomic requests)",10,10,10
"NVIDIA GeForce MX130 (0)","collect_res_gpu_grid(float*, float*, int)",1,"l2_tex_read_transactions","L2 Transactions (Texture Reads)",900,900,900
"NVIDIA GeForce MX130 (0)","collect_res_gpu_grid(float*, float*, int)",1,"l2_tex_write_transactions","L2 Transactions (Texture Writes)",307,307,307
"NVIDIA GeForce MX130 (0)","collect_res_gpu_grid(float*, float*, int)",1,"flop_sp_efficiency","FLOP Efficiency(Peak Single)",0.006249%,0.006249%,0.006249%
"NVIDIA GeForce MX130 (0)","collect_res_gpu_grid(float*, float*, int)",1,"flop_dp_efficiency","FLOP Efficiency(Peak Double)",0.000000%,0.000000%,0.000000%
"NVIDIA GeForce MX130 (0)","collect_res_gpu_grid(float*, float*, int)",1,"stall_memory_throttle","Issue Stall Reasons (Memory Throttle)",0.123224%,0.123224%,0.123224%
"NVIDIA GeForce MX130 (0)","collect_res_gpu_grid(float*, float*, int)",1,"stall_not_selected","Issue Stall Reasons (Not Selected)",0.900090%,0.900090%,0.900090%
"NVIDIA GeForce MX130 (0)","init_random_state(unsigned int, int, curandStateXORWOW*)",1,"sm_efficiency","Multiprocessor Activity",99.623205%,99.623205%,99.623205%
"NVIDIA GeForce MX130 (0)","init_random_state(unsigned int, int, curandStateXORWOW*)",1,"achieved_occupancy","Achieved Occupancy",0.496012,0.496012,0.496012
"NVIDIA GeForce MX130 (0)","init_random_state(unsigned int, int, curandStateXORWOW*)",1,"ipc","Executed IPC",1.589013,1.589013,1.589013
"NVIDIA GeForce MX130 (0)","init_random_state(unsigned int, int, curandStateXORWOW*)",1,"issued_ipc","Issued IPC",1.591534,1.591534,1.591534
"NVIDIA GeForce MX130 (0)","init_random_state(unsigned int, int, curandStateXORWOW*)",1,"inst_per_warp","Instructions per warp",40690.016320,40690.016320,40690.016320
"NVIDIA GeForce MX130 (0)","init_random_state(unsigned int, int, curandStateXORWOW*)",1,"branch_efficiency","Branch Efficiency",98.681220%,98.681220%,98.681220%
"NVIDIA GeForce MX130 (0)","init_random_state(unsigned int, int, curandStateXORWOW*)",1,"warp_execution_efficiency","Warp Execution Efficiency",77.455765%,77.455765%,77.455765%
"NVIDIA GeForce MX130 (0)","init_random_state(unsigned int, int, curandStateXORWOW*)",1,"warp_nonpred_execution_efficiency","Warp Non-Predicated Execution Efficiency",53.630703%,53.630703%,53.630703%
"NVIDIA GeForce MX130 (0)","init_random_state(unsigned int, int, curandStateXORWOW*)",1,"inst_replay_overhead","Instruction Replay Overhead",0.000002,0.000002,0.000002
"NVIDIA GeForce MX130 (0)","init_random_state(unsigned int, int, curandStateXORWOW*)",1,"issue_slot_utilization","Issue Slot Utilization",29.230075%,29.230075%,29.230075%
"NVIDIA GeForce MX130 (0)","init_random_state(unsigned int, int, curandStateXORWOW*)",1,"shared_load_transactions_per_request","Shared Memory Load Transactions Per Request",0.000000,0.000000,0.000000
"NVIDIA GeForce MX130 (0)","init_random_state(unsigned int, int, curandStateXORWOW*)",1,"shared_store_transactions_per_request","Shared Memory Store Transactions Per Request",0.000000,0.000000,0.000000
"NVIDIA GeForce MX130 (0)","init_random_state(unsigned int, int, curandStateXORWOW*)",1,"local_load_transactions_per_request","Local Memory Load Transactions Per Request",0.000000,0.000000,0.000000
"NVIDIA GeForce MX130 (0)","init_random_state(unsigned int, int, curandStateXORWOW*)",1,"local_store_transactions_per_request","Local Memory Store Transactions Per Request",0.000000,0.000000,0.000000
"NVIDIA GeForce MX130 (0)","init_random_state(unsigned int, int, curandStateXORWOW*)",1,"gld_transactions_per_request","Global Load Transactions Per Request",3.423943,3.423943,3.423943
"NVIDIA GeForce MX130 (0)","init_random_state(unsigned int, int, curandStateXORWOW*)",1,"gst_transactions_per_request","Global Store Transactions Per Request",25.591035,25.591035,25.591035
"NVIDIA GeForce MX130 (0)","init_random_state(unsigned int, int, curandStateXORWOW*)",1,"shared_store_transactions","Shared Store Transactions",0,0,0
"NVIDIA GeForce MX130 (0)","init_random_state(unsigned int, int, curandStateXORWOW*)",1,"shared_load_transactions","Shared Load Transactions",0,0,0
"NVIDIA GeForce MX130 (0)","init_random_state(unsigned int, int, curandStateXORWOW*)",1,"local_load_transactions","Local Load Transactions",0,0,0
"NVIDIA GeForce MX130 (0)","init_random_state(unsigned int, int, curandStateXORWOW*)",1,"local_store_transactions","Local Store Transactions",0,0,0
"NVIDIA GeForce MX130 (0)","init_random_state(unsigned int, int, curandStateXORWOW*)",1,"gld_transactions","Global Load Transactions",133130568,133130568,133130568
"NVIDIA GeForce MX130 (0)","init_random_state(unsigned int, int, curandStateXORWOW*)",1,"gst_transactions","Global Store Transactions",4192656,4192656,4192656
"NVIDIA GeForce MX130 (0)","init_random_state(unsigned int, int, curandStateXORWOW*)",1,"sysmem_read_transactions","System Memory Read Transactions",0,0,0
"NVIDIA GeForce MX130 (0)","init_random_state(unsigned int, int, curandStateXORWOW*)",1,"sysmem_write_transactions","System Memory Write Transactions",4,4,4
"NVIDIA GeForce MX130 (0)","init_random_state(unsigned int, int, curandStateXORWOW*)",1,"l2_read_transactions","L2 Read Transactions",39354033,39354033,39354033
"NVIDIA GeForce MX130 (0)","init_random_state(unsigned int, int, curandStateXORWOW*)",1,"l2_write_transactions","L2 Write Transactions",4192662,4192662,4192662
"NVIDIA GeForce MX130 (0)","init_random_state(unsigned int, int, curandStateXORWOW*)",1,"dram_read_transactions","Device Memory Read Transactions",150904,150904,150904
"NVIDIA GeForce MX130 (0)","init_random_state(unsigned int, int, curandStateXORWOW*)",1,"dram_write_transactions","Device Memory Write Transactions",151182,151182,151182
"NVIDIA GeForce MX130 (0)","init_random_state(unsigned int, int, curandStateXORWOW*)",1,"global_hit_rate","Global Hit Rate in unified l1/tex",0.000000%,0.000000%,0.000000%
"NVIDIA GeForce MX130 (0)","init_random_state(unsigned int, int, curandStateXORWOW*)",1,"local_hit_rate","Local Hit Rate",0.000000%,0.000000%,0.000000%
"NVIDIA GeForce MX130 (0)","init_random_state(unsigned int, int, curandStateXORWOW*)",1,"gld_requested_throughput","Requested Global Load Throughput",6.397750GB/s,6.397750GB/s,6.397750GB/s
"NVIDIA GeForce MX130 (0)","init_random_state(unsigned int, int, curandStateXORWOW*)",1,"gst_requested_throughput","Requested Global Store Throughput",1.152252GB/s,1.152252GB/s,1.152252GB/s
"NVIDIA GeForce MX130 (0)","init_random_state(unsigned int, int, curandStateXORWOW*)",1,"gld_throughput","Global Load Throughput",51.182004GB/s,51.182004GB/s,51.182004GB/s
"NVIDIA GeForce MX130 (0)","init_random_state(unsigned int, int, curandStateXORWOW*)",1,"gst_throughput","Global Store Throughput",5.452775GB/s,5.452775GB/s,5.452775GB/s
"NVIDIA GeForce MX130 (0)","init_random_state(unsigned int, int, curandStateXORWOW*)",1,"local_memory_overhead","Local Memory Overhead",0.000000%,0.000000%,0.000000%
"NVIDIA GeForce MX130 (0)","init_random_state(unsigned int, int, curandStateXORWOW*)",1,"tex_cache_hit_rate","Unified Cache Hit Rate",68.288930%,68.288930%,68.288930%
"NVIDIA GeForce MX130 (0)","init_random_state(unsigned int, int, curandStateXORWOW*)",1,"l2_tex_read_hit_rate","L2 Hit Rate (Texture Reads)",99.616565%,99.616565%,99.616565%
"NVIDIA GeForce MX130 (0)","init_random_state(unsigned int, int, curandStateXORWOW*)",1,"l2_tex_write_hit_rate","L2 Hit Rate (Texture Writes)",98.211158%,98.211158%,98.211158%
"NVIDIA GeForce MX130 (0)","init_random_state(unsigned int, int, curandStateXORWOW*)",1,"dram_read_throughput","Device Memory Read Throughput",200.968977MB/s,200.968977MB/s,200.968976MB/s
"NVIDIA GeForce MX130 (0)","init_random_state(unsigned int, int, curandStateXORWOW*)",1,"dram_write_throughput","Device Memory Write Throughput",201.339208MB/s,201.339208MB/s,201.339207MB/s
"NVIDIA GeForce MX130 (0)","init_random_state(unsigned int, int, curandStateXORWOW*)",1,"tex_cache_throughput","Unified Cache Throughput",167.854849GB/s,167.854849GB/s,167.854849GB/s
"NVIDIA GeForce MX130 (0)","init_random_state(unsigned int, int, curandStateXORWOW*)",1,"l2_tex_read_throughput","L2 Throughput (Texture Reads)",51.182004GB/s,51.182004GB/s,51.182004GB/s
"NVIDIA GeForce MX130 (0)","init_random_state(unsigned int, int, curandStateXORWOW*)",1,"l2_tex_write_throughput","L2 Throughput (Texture Writes)",5.452775GB/s,5.452775GB/s,5.452775GB/s
"NVIDIA GeForce MX130 (0)","init_random_state(unsigned int, int, curandStateXORWOW*)",1,"l2_read_throughput","L2 Throughput (Reads)",51.182036GB/s,51.182036GB/s,51.182036GB/s
"NVIDIA GeForce MX130 (0)","init_random_state(unsigned int, int, curandStateXORWOW*)",1,"l2_write_throughput","L2 Throughput (Writes)",5.452782GB/s,5.452782GB/s,5.452782GB/s
"NVIDIA GeForce MX130 (0)","init_random_state(unsigned int, int, curandStateXORWOW*)",1,"sysmem_read_throughput","System Memory Read Throughput",0.000000B/s,0.000000B/s,0.000000B/s
"NVIDIA GeForce MX130 (0)","init_random_state(unsigned int, int, curandStateXORWOW*)",1,"sysmem_write_throughput","System Memory Write Throughput",5.454102KB/s,5.454102KB/s,5.453125KB/s
"NVIDIA GeForce MX130 (0)","init_random_state(unsigned int, int, curandStateXORWOW*)",1,"local_load_throughput","Local Memory Load Throughput",0.000000B/s,0.000000B/s,0.000000B/s
"NVIDIA GeForce MX130 (0)","init_random_state(unsigned int, int, curandStateXORWOW*)",1,"local_store_throughput","Local Memory Store Throughput",0.000000B/s,0.000000B/s,0.000000B/s
"NVIDIA GeForce MX130 (0)","init_random_state(unsigned int, int, curandStateXORWOW*)",1,"shared_load_throughput","Shared Memory Load Throughput",0.000000B/s,0.000000B/s,0.000000B/s
"NVIDIA GeForce MX130 (0)","init_random_state(unsigned int, int, curandStateXORWOW*)",1,"shared_store_throughput","Shared Memory Store Throughput",0.000000B/s,0.000000B/s,0.000000B/s
"NVIDIA GeForce MX130 (0)","init_random_state(unsigned int, int, curandStateXORWOW*)",1,"gld_efficiency","Global Memory Load Efficiency",12.500000%,12.500000%,12.500000%
"NVIDIA GeForce MX130 (0)","init_random_state(unsigned int, int, curandStateXORWOW*)",1,"gst_efficiency","Global Memory Store Efficiency",21.131474%,21.131474%,21.131474%
"NVIDIA GeForce MX130 (0)","init_random_state(unsigned int, int, curandStateXORWOW*)",1,"tex_cache_transactions","Unified Cache Transactions",129064136,129064136,129064136
"NVIDIA GeForce MX130 (0)","init_random_state(unsigned int, int, curandStateXORWOW*)",1,"cf_fu_utilization","Control-Flow Function Unit Utilization","Low (1)","Low (1)","Low (1)"
"NVIDIA GeForce MX130 (0)","init_random_state(unsigned int, int, curandStateXORWOW*)",1,"tex_fu_utilization","Texture Function Unit Utilization","High (9)","High (9)","High (9)"
"NVIDIA GeForce MX130 (0)","init_random_state(unsigned int, int, curandStateXORWOW*)",1,"ldst_fu_utilization","Load/Store Function Unit Utilization","Low (1)","Low (1)","Low (1)"
"NVIDIA GeForce MX130 (0)","init_random_state(unsigned int, int, curandStateXORWOW*)",1,"double_precision_fu_utilization","Double-Precision Function Unit Utilization","Idle (0)","Idle (0)","Idle (0)"
"NVIDIA GeForce MX130 (0)","init_random_state(unsigned int, int, curandStateXORWOW*)",1,"special_fu_utilization","Special Function Unit Utilization","Idle (0)","Idle (0)","Idle (0)"
"NVIDIA GeForce MX130 (0)","init_random_state(unsigned int, int, curandStateXORWOW*)",1,"single_precision_fu_utilization","Single-Precision Function Unit Utilization","Low (3)","Low (3)","Low (3)"
"NVIDIA GeForce MX130 (0)","init_random_state(unsigned int, int, curandStateXORWOW*)",1,"flop_count_dp","Floating Point Operations(Double Precision)",0,0,0
"NVIDIA GeForce MX130 (0)","init_random_state(unsigned int, int, curandStateXORWOW*)",1,"flop_count_dp_add","Floating Point Operations(Double Precision Add)",0,0,0
"NVIDIA GeForce MX130 (0)","init_random_state(unsigned int, int, curandStateXORWOW*)",1,"flop_count_dp_fma","Floating Point Operations(Double Precision FMA)",0,0,0
"NVIDIA GeForce MX130 (0)","init_random_state(unsigned int, int, curandStateXORWOW*)",1,"flop_count_dp_mul","Floating Point Operations(Double Precision Mul)",0,0,0
"NVIDIA GeForce MX130 (0)","init_random_state(unsigned int, int, curandStateXORWOW*)",1,"flop_count_sp","Floating Point Operations(Single Precision)",0,0,0
"NVIDIA GeForce MX130 (0)","init_random_state(unsigned int, int, curandStateXORWOW*)",1,"flop_count_sp_add","Floating Point Operations(Single Precision Add)",0,0,0
"NVIDIA GeForce MX130 (0)","init_random_state(unsigned int, int, curandStateXORWOW*)",1,"flop_count_sp_fma","Floating Point Operations(Single Precision FMA)",0,0,0
"NVIDIA GeForce MX130 (0)","init_random_state(unsigned int, int, curandStateXORWOW*)",1,"flop_count_sp_mul","Floating Point Operation(Single Precision Mul)",0,0,0
"NVIDIA GeForce MX130 (0)","init_random_state(unsigned int, int, curandStateXORWOW*)",1,"flop_count_sp_special","Floating Point Operations(Single Precision Special)",0,0,0
"NVIDIA GeForce MX130 (0)","init_random_state(unsigned int, int, curandStateXORWOW*)",1,"inst_executed","Instructions Executed",127156301,127156301,127156301
"NVIDIA GeForce MX130 (0)","init_random_state(unsigned int, int, curandStateXORWOW*)",1,"inst_issued","Instructions Issued",127156493,127156493,127156493
"NVIDIA GeForce MX130 (0)","init_random_state(unsigned int, int, curandStateXORWOW*)",1,"dram_utilization","Device Memory Utilization","Low (1)","Low (1)","Low (1)"
"NVIDIA GeForce MX130 (0)","init_random_state(unsigned int, int, curandStateXORWOW*)",1,"sysmem_utilization","System Memory Utilization","Low (1)","Low (1)","Low (1)"
"NVIDIA GeForce MX130 (0)","init_random_state(unsigned int, int, curandStateXORWOW*)",1,"tex_utilization","Unified Cache Utilization","High (9)","High (9)","High (9)"
"NVIDIA GeForce MX130 (0)","init_random_state(unsigned int, int, curandStateXORWOW*)",1,"l2_utilization","L2 Cache Utilization","Low (3)","Low (3)","Low (3)"
"NVIDIA GeForce MX130 (0)","init_random_state(unsigned int, int, curandStateXORWOW*)",1,"stall_inst_fetch","Issue Stall Reasons (Instructions Fetch)",3.599757%,3.599757%,3.599757%
"NVIDIA GeForce MX130 (0)","init_random_state(unsigned int, int, curandStateXORWOW*)",1,"stall_exec_dependency","Issue Stall Reasons (Execution Dependency)",8.819659%,8.819659%,8.819659%
"NVIDIA GeForce MX130 (0)","init_random_state(unsigned int, int, curandStateXORWOW*)",1,"stall_memory_dependency","Issue Stall Reasons (Data Request)",45.813267%,45.813267%,45.813267%
"NVIDIA GeForce MX130 (0)","init_random_state(unsigned int, int, curandStateXORWOW*)",1,"stall_texture","Issue Stall Reasons (Texture)",10.525383%,10.525383%,10.525383%
"NVIDIA GeForce MX130 (0)","init_random_state(unsigned int, int, curandStateXORWOW*)",1,"stall_sync","Issue Stall Reasons (Synchronization)",0.000000%,0.000000%,0.000000%
"NVIDIA GeForce MX130 (0)","init_random_state(unsigned int, int, curandStateXORWOW*)",1,"stall_other","Issue Stall Reasons (Other)",30.171914%,30.171914%,30.171914%
"NVIDIA GeForce MX130 (0)","init_random_state(unsigned int, int, curandStateXORWOW*)",1,"stall_constant_memory_dependency","Issue Stall Reasons (Immediate constant)",0.001330%,0.001330%,0.001330%
"NVIDIA GeForce MX130 (0)","init_random_state(unsigned int, int, curandStateXORWOW*)",1,"stall_pipe_busy","Issue Stall Reasons (Pipe Busy)",0.211899%,0.211899%,0.211899%
"NVIDIA GeForce MX130 (0)","init_random_state(unsigned int, int, curandStateXORWOW*)",1,"shared_efficiency","Shared Memory Efficiency",0.000000%,0.000000%,0.000000%
"NVIDIA GeForce MX130 (0)","init_random_state(unsigned int, int, curandStateXORWOW*)",1,"shared_utilization","Shared Memory Utilization","Idle (0)","Idle (0)","Idle (0)"
"NVIDIA GeForce MX130 (0)","init_random_state(unsigned int, int, curandStateXORWOW*)",1,"inst_fp_32","FP Instructions(Single)",0,0,0
"NVIDIA GeForce MX130 (0)","init_random_state(unsigned int, int, curandStateXORWOW*)",1,"inst_fp_64","FP Instructions(Double)",0,0,0
"NVIDIA GeForce MX130 (0)","init_random_state(unsigned int, int, curandStateXORWOW*)",1,"inst_integer","Integer Instructions",1069870179,1069870179,1069870179
"NVIDIA GeForce MX130 (0)","init_random_state(unsigned int, int, curandStateXORWOW*)",1,"inst_bit_convert","Bit-Convert Instructions",0,0,0
"NVIDIA GeForce MX130 (0)","init_random_state(unsigned int, int, curandStateXORWOW*)",1,"inst_control","Control-Flow Instructions",15186226,15186226,15186226
"NVIDIA GeForce MX130 (0)","init_random_state(unsigned int, int, curandStateXORWOW*)",1,"inst_compute_ld_st","Load/Store Instructions",488467069,488467069,488467069
"NVIDIA GeForce MX130 (0)","init_random_state(unsigned int, int, curandStateXORWOW*)",1,"inst_misc","Misc Instructions",608710715,608710715,608710715
"NVIDIA GeForce MX130 (0)","init_random_state(unsigned int, int, curandStateXORWOW*)",1,"inst_inter_thread_communication","Inter-Thread Instructions",0,0,0
"NVIDIA GeForce MX130 (0)","init_random_state(unsigned int, int, curandStateXORWOW*)",1,"issue_slots","Issue Slots",93414106,93414106,93414106
"NVIDIA GeForce MX130 (0)","init_random_state(unsigned int, int, curandStateXORWOW*)",1,"cf_issued","Issued Control-Flow Instructions",1094960,1094960,1094960
"NVIDIA GeForce MX130 (0)","init_random_state(unsigned int, int, curandStateXORWOW*)",1,"cf_executed","Executed Control-Flow Instructions",1094960,1094960,1094960
"NVIDIA GeForce MX130 (0)","init_random_state(unsigned int, int, curandStateXORWOW*)",1,"ldst_issued","Issued Load/Store Instructions",130062606,130062606,130062606
"NVIDIA GeForce MX130 (0)","init_random_state(unsigned int, int, curandStateXORWOW*)",1,"ldst_executed","Executed Load/Store Instructions",39052327,39052327,39052327
"NVIDIA GeForce MX130 (0)","init_random_state(unsigned int, int, curandStateXORWOW*)",1,"atomic_transactions","Atomic Transactions",0,0,0
"NVIDIA GeForce MX130 (0)","init_random_state(unsigned int, int, curandStateXORWOW*)",1,"atomic_transactions_per_request","Atomic Transactions Per Request",0.000000,0.000000,0.000000
"NVIDIA GeForce MX130 (0)","init_random_state(unsigned int, int, curandStateXORWOW*)",1,"l2_atomic_throughput","L2 Throughput (Atomic requests)",0.000000B/s,0.000000B/s,0.000000B/s
"NVIDIA GeForce MX130 (0)","init_random_state(unsigned int, int, curandStateXORWOW*)",1,"sysmem_read_utilization","System Memory Read Utilization","Idle (0)","Idle (0)","Idle (0)"
"NVIDIA GeForce MX130 (0)","init_random_state(unsigned int, int, curandStateXORWOW*)",1,"sysmem_write_utilization","System Memory Write Utilization","Low (1)","Low (1)","Low (1)"
"NVIDIA GeForce MX130 (0)","init_random_state(unsigned int, int, curandStateXORWOW*)",1,"inst_executed_global_loads","Warp level instructions for global loads",38882244,38882244,38882244
"NVIDIA GeForce MX130 (0)","init_random_state(unsigned int, int, curandStateXORWOW*)",1,"inst_executed_local_loads","Warp level instructions for local loads",0,0,0
"NVIDIA GeForce MX130 (0)","init_random_state(unsigned int, int, curandStateXORWOW*)",1,"inst_executed_shared_loads","Warp level instructions for shared loads",0,0,0
"NVIDIA GeForce MX130 (0)","init_random_state(unsigned int, int, curandStateXORWOW*)",1,"inst_executed_surface_loads","Warp level instructions for surface loads",0,0,0
"NVIDIA GeForce MX130 (0)","init_random_state(unsigned int, int, curandStateXORWOW*)",1,"inst_executed_global_stores","Warp level instructions for global stores",163833,163833,163833
"NVIDIA GeForce MX130 (0)","init_random_state(unsigned int, int, curandStateXORWOW*)",1,"inst_executed_local_stores","Warp level instructions for local stores",0,0,0
"NVIDIA GeForce MX130 (0)","init_random_state(unsigned int, int, curandStateXORWOW*)",1,"inst_executed_shared_stores","Warp level instructions for shared stores",0,0,0
"NVIDIA GeForce MX130 (0)","init_random_state(unsigned int, int, curandStateXORWOW*)",1,"inst_executed_surface_stores","Warp level instructions for surface stores",0,0,0
"NVIDIA GeForce MX130 (0)","init_random_state(unsigned int, int, curandStateXORWOW*)",1,"inst_executed_global_atomics","Warp level instructions for global atom and atom cas",0,0,0
"NVIDIA GeForce MX130 (0)","init_random_state(unsigned int, int, curandStateXORWOW*)",1,"inst_executed_global_reductions","Warp level instructions for global reductions",0,0,0
"NVIDIA GeForce MX130 (0)","init_random_state(unsigned int, int, curandStateXORWOW*)",1,"inst_executed_surface_atomics","Warp level instructions for surface atom and atom cas",0,0,0
"NVIDIA GeForce MX130 (0)","init_random_state(unsigned int, int, curandStateXORWOW*)",1,"inst_executed_surface_reductions","Warp level instructions for surface reductions",0,0,0
"NVIDIA GeForce MX130 (0)","init_random_state(unsigned int, int, curandStateXORWOW*)",1,"inst_executed_shared_atomics","Warp level shared instructions for atom and atom CAS",0,0,0
"NVIDIA GeForce MX130 (0)","init_random_state(unsigned int, int, curandStateXORWOW*)",1,"inst_executed_tex_ops","Warp level instructions for texture",0,0,0
"NVIDIA GeForce MX130 (0)","init_random_state(unsigned int, int, curandStateXORWOW*)",1,"l2_global_load_bytes","Bytes read from L2 for misses in Unified Cache for global loads",1259328256,1259328256,1259328256
"NVIDIA GeForce MX130 (0)","init_random_state(unsigned int, int, curandStateXORWOW*)",1,"l2_local_load_bytes","Bytes read from L2 for misses in Unified Cache for local loads",0,0,0
"NVIDIA GeForce MX130 (0)","init_random_state(unsigned int, int, curandStateXORWOW*)",1,"l2_surface_load_bytes","Bytes read from L2 for misses in Unified Cache for surface loads",0,0,0
"NVIDIA GeForce MX130 (0)","init_random_state(unsigned int, int, curandStateXORWOW*)",1,"dram_read_bytes","Total bytes read from DRAM to L2 cache",4828928,4828928,4828928
"NVIDIA GeForce MX130 (0)","init_random_state(unsigned int, int, curandStateXORWOW*)",1,"dram_write_bytes","Total bytes written from L2 cache to DRAM",4837824,4837824,4837824
"NVIDIA GeForce MX130 (0)","init_random_state(unsigned int, int, curandStateXORWOW*)",1,"l2_local_global_store_bytes","Bytes written to L2 from Unified Cache for local and global stores.",134164992,134164992,134164992
"NVIDIA GeForce MX130 (0)","init_random_state(unsigned int, int, curandStateXORWOW*)",1,"l2_global_reduction_bytes","Bytes written to L2 from Unified cache for global reductions",0,0,0
"NVIDIA GeForce MX130 (0)","init_random_state(unsigned int, int, curandStateXORWOW*)",1,"l2_global_atomic_store_bytes","Bytes written to L2 from Unified cache for global atomics",0,0,0
"NVIDIA GeForce MX130 (0)","init_random_state(unsigned int, int, curandStateXORWOW*)",1,"l2_surface_store_bytes","Bytes written to L2 from Unified Cache for surface stores.",0,0,0
"NVIDIA GeForce MX130 (0)","init_random_state(unsigned int, int, curandStateXORWOW*)",1,"l2_surface_reduction_bytes","Bytes written to L2 from Unified Cache for surface reductions",0,0,0
"NVIDIA GeForce MX130 (0)","init_random_state(unsigned int, int, curandStateXORWOW*)",1,"l2_surface_atomic_store_bytes","Bytes transferred between Unified Cache and L2 for surface atomics",0,0,0
"NVIDIA GeForce MX130 (0)","init_random_state(unsigned int, int, curandStateXORWOW*)",1,"global_load_requests","Total number of global load requests from Multiprocessor",129064136,129064136,129064136
"NVIDIA GeForce MX130 (0)","init_random_state(unsigned int, int, curandStateXORWOW*)",1,"local_load_requests","Total number of local load requests from Multiprocessor",0,0,0
"NVIDIA GeForce MX130 (0)","init_random_state(unsigned int, int, curandStateXORWOW*)",1,"surface_load_requests","Total number of surface load requests from Multiprocessor",0,0,0
"NVIDIA GeForce MX130 (0)","init_random_state(unsigned int, int, curandStateXORWOW*)",1,"global_store_requests","Total number of global store requests from Multiprocessor",992220,992220,992220
"NVIDIA GeForce MX130 (0)","init_random_state(unsigned int, int, curandStateXORWOW*)",1,"local_store_requests","Total number of local store requests from Multiprocessor",0,0,0
"NVIDIA GeForce MX130 (0)","init_random_state(unsigned int, int, curandStateXORWOW*)",1,"surface_store_requests","Total number of surface store requests from Multiprocessor",0,0,0
"NVIDIA GeForce MX130 (0)","init_random_state(unsigned int, int, curandStateXORWOW*)",1,"global_atomic_requests","Total number of global atomic requests from Multiprocessor",0,0,0
"NVIDIA GeForce MX130 (0)","init_random_state(unsigned int, int, curandStateXORWOW*)",1,"global_reduction_requests","Total number of global reduction requests from Multiprocessor",0,0,0
"NVIDIA GeForce MX130 (0)","init_random_state(unsigned int, int, curandStateXORWOW*)",1,"surface_atomic_requests","Total number of surface atomic requests from Multiprocessor",0,0,0
"NVIDIA GeForce MX130 (0)","init_random_state(unsigned int, int, curandStateXORWOW*)",1,"surface_reduction_requests","Total number of surface reduction requests from Multiprocessor",0,0,0
"NVIDIA GeForce MX130 (0)","init_random_state(unsigned int, int, curandStateXORWOW*)",1,"sysmem_read_bytes","System Memory Read Bytes",0,0,0
"NVIDIA GeForce MX130 (0)","init_random_state(unsigned int, int, curandStateXORWOW*)",1,"sysmem_write_bytes","System Memory Write Bytes",128,128,128
"NVIDIA GeForce MX130 (0)","init_random_state(unsigned int, int, curandStateXORWOW*)",1,"l2_tex_hit_rate","L2 Cache Hit Rate",99.481253%,99.481253%,99.481253%
"NVIDIA GeForce MX130 (0)","init_random_state(unsigned int, int, curandStateXORWOW*)",1,"texture_load_requests","Total number of texture Load requests from Multiprocessor",0,0,0
"NVIDIA GeForce MX130 (0)","init_random_state(unsigned int, int, curandStateXORWOW*)",1,"ecc_transactions","ECC Transactions",0,0,0
"NVIDIA GeForce MX130 (0)","init_random_state(unsigned int, int, curandStateXORWOW*)",1,"ecc_throughput","ECC Throughput",0.000000B/s,0.000000B/s,0.000000B/s
"NVIDIA GeForce MX130 (0)","init_random_state(unsigned int, int, curandStateXORWOW*)",1,"eligible_warps_per_cycle","Eligible Warps Per Active Cycle",1.417976,1.417976,1.417976
"NVIDIA GeForce MX130 (0)","init_random_state(unsigned int, int, curandStateXORWOW*)",1,"l2_atomic_transactions","L2 Transactions (Atomic requests)",0,0,0
"NVIDIA GeForce MX130 (0)","init_random_state(unsigned int, int, curandStateXORWOW*)",1,"l2_tex_read_transactions","L2 Transactions (Texture Reads)",39354008,39354008,39354008
"NVIDIA GeForce MX130 (0)","init_random_state(unsigned int, int, curandStateXORWOW*)",1,"l2_tex_write_transactions","L2 Transactions (Texture Writes)",4192656,4192656,4192656
"NVIDIA GeForce MX130 (0)","init_random_state(unsigned int, int, curandStateXORWOW*)",1,"flop_sp_efficiency","FLOP Efficiency(Peak Single)",0.000000%,0.000000%,0.000000%
"NVIDIA GeForce MX130 (0)","init_random_state(unsigned int, int, curandStateXORWOW*)",1,"flop_dp_efficiency","FLOP Efficiency(Peak Double)",0.000000%,0.000000%,0.000000%
"NVIDIA GeForce MX130 (0)","init_random_state(unsigned int, int, curandStateXORWOW*)",1,"stall_memory_throttle","Issue Stall Reasons (Memory Throttle)",0.039119%,0.039119%,0.039119%
"NVIDIA GeForce MX130 (0)","init_random_state(unsigned int, int, curandStateXORWOW*)",1,"stall_not_selected","Issue Stall Reasons (Not Selected)",0.817673%,0.817673%,0.817673%
==25391== Warning: One or more events or metrics overflowed. Rerun with "--print-gpu-trace" for detail.
